# Iteration 1

Area,Value,Unit,Description,Sample,Stddev,Multiplex,Bottleneck,Idle
Frontend_Bound,0.8,% Slots <,,frontend_retired.latency_ge_4,0.0,100.0,,
Bad_Speculation,0.4,% Slots <,,,0.0,100.0,,
Backend_Bound,34.4,% Slots,,topdown.backend_bound_slots,0.0,100.0,<==,
Retiring,64.4,% Slots <,,uops_retired.slots,0.0,100.0,,
MUX,100.0,%,,,0.0,100.0,,
# 4.8-full-perf on INTEL(R) XEON(R) SILVER 4514Y [spr/sapphire_rapids]

# Iteration 2

Area,Value,Unit,Description,Sample,Stddev,Multiplex,Bottleneck,Idle
Frontend_Bound,0.8,% Slots <,,frontend_retired.latency_ge_4,0.0,100.0,,
Bad_Speculation,0.4,% Slots <,,,0.0,100.0,,
Backend_Bound,34.1,% Slots,,topdown.backend_bound_slots,0.0,100.0,<==,
Retiring,64.7,% Slots <,,uops_retired.slots,0.0,100.0,,
MUX,100.0,%,,,0.0,100.0,,
# 4.8-full-perf on INTEL(R) XEON(R) SILVER 4514Y [spr/sapphire_rapids]

# Iteration 3

Area,Value,Unit,Description,Sample,Stddev,Multiplex,Bottleneck,Idle
Frontend_Bound,0.8,% Slots <,,frontend_retired.latency_ge_4,0.0,100.0,,
Bad_Speculation,0.4,% Slots <,,,0.0,100.0,,
Backend_Bound,34.3,% Slots,,topdown.backend_bound_slots,0.0,100.0,<==,
Retiring,64.5,% Slots <,,uops_retired.slots,0.0,100.0,,
MUX,100.0,%,,,0.0,100.0,,
# 4.8-full-perf on INTEL(R) XEON(R) SILVER 4514Y [spr/sapphire_rapids]

# Iteration 4

Area,Value,Unit,Description,Sample,Stddev,Multiplex,Bottleneck,Idle
Frontend_Bound,4.1,% Slots <,,frontend_retired.latency_ge_4,0.0,100.0,,
Bad_Speculation,1.0,% Slots <,,,0.0,100.0,,
Backend_Bound,31.8,% Slots,,topdown.backend_bound_slots,0.0,100.0,<==,
Retiring,63.1,% Slots <,,uops_retired.slots,0.0,100.0,,
MUX,100.0,%,,,0.0,100.0,,
# 4.8-full-perf on INTEL(R) XEON(R) SILVER 4514Y [spr/sapphire_rapids]

# Iteration 5

Area,Value,Unit,Description,Sample,Stddev,Multiplex,Bottleneck,Idle
Frontend_Bound,0.8,% Slots <,,frontend_retired.latency_ge_4,0.0,100.0,,
Bad_Speculation,0.4,% Slots <,,,0.0,100.0,,
Backend_Bound,34.4,% Slots,,topdown.backend_bound_slots,0.0,100.0,<==,
Retiring,64.4,% Slots <,,uops_retired.slots,0.0,100.0,,
MUX,100.0,%,,,0.0,100.0,,
# 4.8-full-perf on INTEL(R) XEON(R) SILVER 4514Y [spr/sapphire_rapids]
